-- phpMyAdmin SQL Dump
-- version 5.2.1
-- https://www.phpmyadmin.net/
--
-- Host: 127.0.0.1
-- Generation Time: Jun 25, 2025 at 04:46 AM
-- Server version: 10.4.32-MariaDB
-- PHP Version: 8.0.30

SET SQL_MODE = "NO_AUTO_VALUE_ON_ZERO";
START TRANSACTION;
SET time_zone = "+00:00";


/*!40101 SET @OLD_CHARACTER_SET_CLIENT=@@CHARACTER_SET_CLIENT */;
/*!40101 SET @OLD_CHARACTER_SET_RESULTS=@@CHARACTER_SET_RESULTS */;
/*!40101 SET @OLD_COLLATION_CONNECTION=@@COLLATION_CONNECTION */;
/*!40101 SET NAMES utf8mb4 */;

--
-- Database: `finalproject`
--
CREATE DATABASE IF NOT EXISTS `finalproject` DEFAULT CHARACTER SET utf8mb4 COLLATE utf8mb4_general_ci;
USE `finalproject`;

-- --------------------------------------------------------

--
-- Table structure for table `employee_constraints`
--

CREATE TABLE `employee_constraints` (
  `id` int(11) NOT NULL,
  `ID_employee` int(11) NOT NULL,
  `date` date NOT NULL,
  `shift` enum('בוקר','ערב','לילה') NOT NULL,
  `availability` enum('יכול','לא יכול','יכול חלקית') NOT NULL DEFAULT 'יכול'
) ENGINE=InnoDB DEFAULT CHARSET=utf8mb4 COLLATE=utf8mb4_general_ci;

--
-- Dumping data for table `employee_constraints`
--

INSERT INTO `employee_constraints` (`id`, `ID_employee`, `date`, `shift`, `availability`) VALUES
(89, 31, '2025-06-02', 'בוקר', 'לא יכול'),
(90, 31, '2025-06-02', 'ערב', 'לא יכול'),
(91, 31, '2025-06-02', 'לילה', 'לא יכול'),
(93, 31, '2025-06-01', 'בוקר', 'לא יכול'),
(94, 31, '2025-06-01', 'ערב', 'לא יכול'),
(95, 31, '2025-06-01', 'לילה', 'לא יכול'),
(100, 31, '2025-05-31', 'בוקר', 'לא יכול'),
(101, 31, '2025-05-31', 'ערב', 'לא יכול'),
(102, 31, '2025-05-31', 'לילה', 'לא יכול'),
(103, 31, '2025-06-05', 'בוקר', 'לא יכול'),
(104, 31, '2025-06-05', 'ערב', 'לא יכול'),
(105, 31, '2025-06-05', 'לילה', 'לא יכול'),
(118, 31, '2025-06-04', 'בוקר', 'יכול חלקית'),
(132, 31, '2025-06-09', 'בוקר', 'לא יכול'),
(133, 31, '2025-06-09', 'ערב', 'לא יכול'),
(134, 31, '2025-06-09', 'לילה', 'לא יכול'),
(135, 31, '2025-06-10', 'ערב', 'יכול חלקית'),
(136, 31, '2025-06-11', 'ערב', 'יכול חלקית'),
(191, 3, '2025-06-05', 'בוקר', 'לא יכול'),
(192, 3, '2025-06-05', 'ערב', 'לא יכול'),
(193, 3, '2025-06-05', 'לילה', 'לא יכול'),
(194, 3, '2025-06-06', 'בוקר', 'לא יכול'),
(195, 3, '2025-06-06', 'ערב', 'לא יכול'),
(196, 3, '2025-06-06', 'לילה', 'לא יכול'),
(197, 3, '2025-06-12', 'ערב', 'יכול חלקית'),
(198, 3, '2025-06-12', 'לילה', 'יכול חלקית'),
(199, 3, '2025-06-12', 'בוקר', 'יכול חלקית'),
(200, 35, '2025-06-09', 'בוקר', 'לא יכול'),
(201, 35, '2025-06-09', 'ערב', 'לא יכול'),
(202, 35, '2025-06-09', 'לילה', 'לא יכול'),
(203, 35, '2025-06-10', 'בוקר', 'יכול חלקית'),
(204, 35, '2025-06-13', 'לילה', 'יכול חלקית'),
(205, 35, '2025-06-05', 'בוקר', 'יכול חלקית'),
(206, 35, '2025-06-02', 'ערב', 'יכול חלקית'),
(207, 35, '2025-06-11', 'ערב', 'לא יכול'),
(208, 33, '2025-06-14', 'בוקר', 'לא יכול'),
(209, 33, '2025-06-14', 'ערב', 'לא יכול'),
(210, 33, '2025-06-14', 'לילה', 'לא יכול'),
(211, 33, '2025-06-10', 'בוקר', 'יכול חלקית'),
(212, 33, '2025-06-09', 'ערב', 'יכול חלקית'),
(213, 33, '2025-06-02', 'לילה', 'יכול חלקית'),
(214, 33, '2025-06-03', 'ערב', 'יכול חלקית'),
(215, 33, '2025-06-01', 'ערב', 'יכול חלקית'),
(216, 33, '2025-06-05', 'ערב', 'יכול חלקית'),
(217, 32, '2025-06-12', 'בוקר', 'לא יכול'),
(218, 32, '2025-06-12', 'ערב', 'יכול חלקית'),
(219, 32, '2025-06-12', 'לילה', 'לא יכול'),
(220, 32, '2025-06-06', 'בוקר', 'לא יכול'),
(221, 32, '2025-06-06', 'ערב', 'לא יכול'),
(222, 32, '2025-06-06', 'לילה', 'לא יכול'),
(253, 31, '2025-06-15', 'בוקר', 'לא יכול'),
(254, 31, '2025-06-15', 'ערב', 'לא יכול'),
(255, 31, '2025-06-15', 'לילה', 'לא יכול'),
(256, 31, '2025-06-16', 'ערב', 'יכול חלקית'),
(257, 31, '2025-06-16', 'בוקר', 'יכול חלקית'),
(258, 31, '2025-06-16', 'לילה', 'יכול חלקית'),
(259, 31, '2025-06-24', 'בוקר', 'לא יכול'),
(260, 31, '2025-06-24', 'ערב', 'לא יכול'),
(261, 31, '2025-06-24', 'לילה', 'לא יכול'),
(262, 41, '2025-06-15', 'בוקר', 'לא יכול'),
(263, 41, '2025-06-15', 'ערב', 'לא יכול'),
(264, 41, '2025-06-15', 'לילה', 'לא יכול'),
(265, 41, '2025-06-16', 'בוקר', 'יכול חלקית'),
(266, 41, '2025-06-16', 'ערב', 'יכול חלקית'),
(267, 41, '2025-06-16', 'לילה', 'יכול חלקית'),
(268, 41, '2025-06-24', 'בוקר', 'לא יכול'),
(269, 41, '2025-06-24', 'ערב', 'לא יכול'),
(270, 41, '2025-06-24', 'לילה', 'לא יכול'),
(271, 37, '2025-06-15', 'בוקר', 'לא יכול'),
(272, 37, '2025-06-15', 'ערב', 'לא יכול'),
(273, 37, '2025-06-15', 'לילה', 'לא יכול'),
(274, 37, '2025-06-16', 'בוקר', 'יכול חלקית'),
(275, 37, '2025-06-16', 'ערב', 'יכול חלקית'),
(276, 37, '2025-06-16', 'לילה', 'יכול חלקית'),
(277, 37, '2025-06-24', 'בוקר', 'לא יכול'),
(278, 37, '2025-06-24', 'ערב', 'לא יכול'),
(279, 37, '2025-06-24', 'לילה', 'לא יכול'),
(307, 31, '2025-06-17', 'ערב', 'לא יכול'),
(308, 31, '2025-06-17', 'לילה', 'יכול חלקית'),
(318, 3, '2025-06-15', 'בוקר', 'יכול חלקית'),
(319, 3, '2025-06-15', 'ערב', 'יכול חלקית'),
(320, 3, '2025-06-15', 'לילה', 'יכול חלקית');

-- --------------------------------------------------------

--
-- Table structure for table `employee_notifications`
--

CREATE TABLE `employee_notifications` (
  `id` int(11) NOT NULL,
  `ID_employee` int(11) NOT NULL,
  `event_date` date NOT NULL,
  `event_description` text NOT NULL,
  `notification_status` enum('approval','rejection','pending','task') CHARACTER SET utf8 COLLATE utf8_general_ci NOT NULL DEFAULT 'pending'
) ENGINE=InnoDB DEFAULT CHARSET=utf8mb4 COLLATE=utf8mb4_general_ci;

--
-- Dumping data for table `employee_notifications`
--

INSERT INTO `employee_notifications` (`id`, `ID_employee`, `event_date`, `event_description`, `notification_status`) VALUES
(1, 33, '2025-05-21', 'הרשמת עובד חדש', 'pending'),
(3, 35, '2025-05-21', 'הרשמת עובד חדש', 'pending'),
(4, 36, '2025-06-09', 'הרשמת עובד חדש', 'approval'),
(5, 37, '2025-06-10', 'הרשמת עובד חדש', 'approval'),
(6, 38, '2025-06-10', 'הרשמת עובד חדש', 'approval'),
(7, 39, '2025-06-10', 'הרשמת עובד חדש', 'approval'),
(8, 40, '2025-06-10', 'הרשמת עובד חדש', 'approval'),
(9, 41, '2025-06-10', 'הרשמת עובד חדש', 'approval'),
(10, 42, '2025-06-10', 'הרשמת עובד חדש', 'approval'),
(11, 43, '2025-06-10', 'הרשמת עובד חדש', 'approval'),
(12, 44, '2025-06-10', 'הרשמת עובד חדש', 'approval'),
(13, 45, '2025-06-10', 'הרשמת עובד חדש', 'approval'),
(14, 46, '2025-06-21', 'הרשמת עובד חדש', 'approval'),
(15, 47, '2025-06-21', 'הרשמת עובד חדש', 'approval'),
(16, 48, '2025-06-21', 'הרשמת עובד חדש', 'approval'),
(17, 49, '2025-06-21', 'הרשמת עובד חדש', 'approval'),
(18, 50, '2025-06-21', 'הרשמת עובד חדש', 'approval'),
(19, 31, '2025-06-26', 'ריענון נשק', 'task'),
(20, 36, '2025-06-27', 'ריענון קרב מגע', 'task'),
(21, 41, '2025-08-14', 'קורס מוקד', 'task'),
(22, 37, '2025-06-24', 'קורס מנבטים', 'task'),
(23, 31, '2025-06-22', 'אבטח כנס בצרצל', 'task');

-- --------------------------------------------------------

--
-- Table structure for table `employee_requests`
--

CREATE TABLE `employee_requests` (
  `id` int(11) NOT NULL,
  `ID_employee` int(11) NOT NULL,
  `request_type` enum('חופשה','מחלה','העברת משמרת') NOT NULL,
  `request_date` date NOT NULL,
  `from_date` date NOT NULL,
  `to_date` date NOT NULL,
  `vacation_days` int(10) UNSIGNED NOT NULL DEFAULT 0,
  `days_to_pay` int(10) UNSIGNED NOT NULL DEFAULT 0,
  `reason` text NOT NULL,
  `file_path` varchar(255) DEFAULT NULL,
  `status` enum('ממתין','אושר','סורב') DEFAULT NULL
) ENGINE=InnoDB DEFAULT CHARSET=utf8mb4 COLLATE=utf8mb4_general_ci;

--
-- Dumping data for table `employee_requests`
--

INSERT INTO `employee_requests` (`id`, `ID_employee`, `request_type`, `request_date`, `from_date`, `to_date`, `vacation_days`, `days_to_pay`, `reason`, `file_path`, `status`) VALUES
(11, 31, 'חופשה', '2025-06-22', '2025-06-24', '2025-06-26', 3, 3, 'חופשה לטובת טיול', NULL, 'ממתין'),
(12, 41, 'חופשה', '2025-06-22', '2025-06-03', '2025-06-05', 3, 2, 'איורע', NULL, 'אושר'),
(13, 37, 'מחלה', '2025-03-22', '0000-00-00', '0000-00-00', 0, 0, '', 'uploads\\sick-1750602978970.pdf', NULL),
(14, 37, 'חופשה', '2025-06-22', '2025-06-30', '2025-07-03', 4, 4, 'טיול', NULL, 'סורב'),
(15, 70, 'מחלה', '2025-06-22', '0000-00-00', '0000-00-00', 0, 0, '', 'uploads\\sick-1750603742618.pdf', NULL),
(16, 41, 'חופשה', '2025-06-22', '2025-06-24', '2025-06-26', 3, 2, 'מסיבה', NULL, 'ממתין');

-- --------------------------------------------------------

--
-- Table structure for table `employee_shift_assignment`
--

CREATE TABLE `employee_shift_assignment` (
  `ID` int(11) NOT NULL,
  `Employee_ID` int(11) NOT NULL,
  `Shift_ID` int(11) NOT NULL,
  `Role` enum('מאבטח','מוקד','קבט','סייר רכוב','סייר א','סייר ב','סייר ג','הפסקות') NOT NULL
) ENGINE=InnoDB DEFAULT CHARSET=utf8mb4 COLLATE=utf8mb4_general_ci;

--
-- Dumping data for table `employee_shift_assignment`
--

INSERT INTO `employee_shift_assignment` (`ID`, `Employee_ID`, `Shift_ID`, `Role`) VALUES
(1808, 45, 2205, 'מוקד'),
(1809, 43, 2206, 'מוקד'),
(1810, 44, 2207, 'מוקד'),
(1811, 42, 2208, 'מוקד'),
(1812, 38, 2206, 'קבט'),
(1813, 38, 2214, 'קבט'),
(1814, 38, 2215, 'קבט'),
(1815, 40, 2208, 'קבט'),
(1816, 46, 2205, 'קבט'),
(1817, 40, 2218, 'קבט'),
(1818, 46, 2219, 'קבט'),
(1819, 40, 2220, 'קבט'),
(1820, 38, 2221, 'קבט'),
(1821, 47, 2222, 'קבט'),
(1822, 46, 2223, 'קבט'),
(1823, 40, 2224, 'קבט'),
(1824, 38, 2225, 'קבט'),
(1825, 39, 2226, 'קבט'),
(1826, 40, 2227, 'קבט'),
(1827, 39, 2228, 'קבט'),
(1828, 46, 2229, 'קבט'),
(1829, 39, 2230, 'קבט'),
(1830, 47, 2231, 'קבט'),
(1831, 38, 2232, 'קבט'),
(1832, 43, 2215, 'מוקד'),
(1833, 44, 2218, 'מוקד'),
(1834, 42, 2239, 'מוקד'),
(1835, 42, 2219, 'מוקד'),
(1836, 43, 2231, 'מוקד'),
(1837, 44, 2229, 'מוקד'),
(1838, 50, 2224, 'מוקד'),
(1839, 44, 2225, 'מוקד'),
(1840, 43, 2245, 'מוקד'),
(1841, 42, 2246, 'מוקד'),
(1842, 4, 2247, 'מאבטח'),
(1843, 51, 2247, 'מאבטח'),
(1844, 65, 2247, 'מאבטח'),
(1845, 36, 2248, 'מאבטח'),
(1846, 36, 2249, 'סייר ג'),
(1847, 64, 2250, 'מאבטח'),
(1848, 62, 2249, 'מאבטח'),
(1849, 58, 2252, 'מאבטח'),
(1850, 53, 2253, 'מאבטח'),
(1851, 58, 2254, 'מאבטח'),
(1852, 61, 2255, 'סייר רכוב'),
(1853, 58, 2248, 'סייר רכוב'),
(1854, 59, 2257, 'סייר רכוב'),
(1855, 53, 2258, 'סייר רכוב'),
(1856, 59, 2259, 'מאבטח'),
(1857, 51, 2260, 'סייר רכוב'),
(1858, 57, 2261, 'סייר א'),
(1859, 56, 2262, 'סייר ב'),
(1860, 60, 2255, 'סייר ב'),
(1861, 56, 2261, 'סייר ב'),
(1862, 45, 2293, 'מוקד'),
(1863, 43, 2214, 'מוקד'),
(1864, 39, 2207, 'קבט'),
(1865, 46, 2293, 'קבט'),
(1866, 37, 2339, 'קבט'),
(1867, 37, 2239, 'קבט'),
(1868, 37, 2341, 'קבט'),
(1869, 38, 2342, 'קבט'),
(1870, 37, 2343, 'קבט'),
(1871, 38, 2344, 'קבט'),
(1872, 37, 2345, 'קבט'),
(1873, 38, 2346, 'קבט'),
(1874, 37, 2245, 'קבט'),
(1875, 38, 2246, 'קבט'),
(1876, 37, 2349, 'קבט'),
(1877, 37, 2350, 'קבט'),
(1878, 38, 2351, 'קבט'),
(1879, 37, 2352, 'קבט'),
(1880, 38, 2353, 'קבט'),
(1881, 37, 2354, 'קבט'),
(1882, 38, 2355, 'קבט'),
(1883, 37, 2356, 'קבט'),
(1884, 38, 2357, 'קבט'),
(1885, 37, 2358, 'קבט'),
(1886, 42, 2353, 'מוקד'),
(1887, 41, 2354, 'מוקד'),
(1888, 43, 2355, 'מוקד'),
(1889, 32, 2247, 'מאבטח'),
(1890, 33, 2250, 'מאבטח'),
(1891, 35, 2250, 'מאבטח'),
(1892, 52, 2250, 'מאבטח'),
(1893, 4, 2248, 'מאבטח'),
(1894, 54, 2252, 'מאבטח'),
(1895, 55, 2252, 'מאבטח'),
(1896, 4, 2249, 'מאבטח'),
(1897, 32, 2249, 'מאבטח'),
(1898, 51, 2249, 'מאבטח'),
(1899, 57, 2253, 'מאבטח'),
(1900, 60, 2253, 'מאבטח'),
(1901, 52, 2254, 'מאבטח'),
(1902, 52, 2259, 'מאבטח'),
(1903, 54, 2259, 'מאבטח'),
(1904, 36, 2396, 'מאבטח'),
(1905, 53, 2396, 'מאבטח'),
(1906, 54, 2396, 'מאבטח'),
(1907, 55, 2397, 'מאבטח'),
(1908, 56, 2397, 'מאבטח'),
(1909, 57, 2247, 'סייר רכוב'),
(1910, 59, 2250, 'סייר רכוב'),
(1911, 58, 2247, 'סייר א'),
(1912, 60, 2250, 'סייר א'),
(1913, 32, 2248, 'סייר א'),
(1914, 61, 2247, 'סייר ב'),
(1915, 62, 2250, 'סייר ב'),
(1916, 51, 2248, 'סייר ב'),
(1917, 63, 2247, 'סייר ג'),
(1918, 66, 2250, 'סייר ג'),
(1919, 53, 2248, 'סייר ג'),
(1920, 67, 2250, 'הפסקות'),
(1921, 3, 2255, 'מאבטח'),
(1922, 33, 2255, 'מאבטח'),
(1923, 35, 2255, 'מאבטח'),
(1924, 52, 2255, 'מאבטח'),
(1925, 3, 2411, 'מאבטח'),
(1926, 33, 2411, 'מאבטח'),
(1927, 53, 2412, 'מאבטח'),
(1928, 56, 2412, 'מאבטח'),
(1929, 57, 2249, 'סייר רכוב'),
(1930, 35, 2411, 'סייר רכוב'),
(1931, 59, 2255, 'סייר א'),
(1932, 63, 2249, 'סייר א'),
(1933, 52, 2411, 'סייר א'),
(1934, 64, 2249, 'סייר ב'),
(1935, 54, 2411, 'סייר ב'),
(1936, 65, 2255, 'סייר ג'),
(1937, 55, 2411, 'סייר ג'),
(1938, 66, 2249, 'הפסקות'),
(1939, 4, 2262, 'מאבטח'),
(1940, 31, 2262, 'מאבטח'),
(1941, 32, 2262, 'מאבטח'),
(1942, 36, 2262, 'מאבטח'),
(1943, 3, 2257, 'מאבטח'),
(1944, 33, 2257, 'מאבטח'),
(1945, 35, 2257, 'מאבטח'),
(1946, 51, 2257, 'מאבטח'),
(1947, 4, 2425, 'מאבטח'),
(1948, 32, 2425, 'מאבטח'),
(1949, 61, 2262, 'סייר רכוב'),
(1950, 36, 2425, 'סייר רכוב'),
(1951, 62, 2262, 'סייר א'),
(1952, 54, 2257, 'סייר א'),
(1953, 53, 2425, 'סייר א'),
(1954, 55, 2257, 'סייר ב'),
(1955, 56, 2425, 'סייר ב'),
(1956, 63, 2262, 'סייר ג'),
(1957, 64, 2257, 'סייר ג'),
(1958, 57, 2425, 'סייר ג'),
(1959, 65, 2257, 'הפסקות'),
(1960, 3, 2258, 'מאבטח'),
(1961, 31, 2258, 'מאבטח'),
(1962, 33, 2258, 'מאבטח'),
(1963, 35, 2258, 'מאבטח'),
(1964, 4, 2261, 'מאבטח'),
(1965, 32, 2261, 'מאבטח'),
(1966, 36, 2261, 'מאבטח'),
(1967, 51, 2261, 'מאבטח'),
(1968, 3, 2439, 'מאבטח'),
(1969, 31, 2439, 'מאבטח'),
(1970, 55, 2440, 'מאבטח'),
(1971, 58, 2440, 'מאבטח'),
(1972, 60, 2261, 'סייר רכוב'),
(1973, 33, 2439, 'סייר רכוב'),
(1974, 61, 2258, 'סייר א'),
(1975, 35, 2439, 'סייר א'),
(1976, 62, 2258, 'סייר ב'),
(1977, 52, 2439, 'סייר ב'),
(1978, 63, 2258, 'סייר ג'),
(1979, 64, 2261, 'סייר ג'),
(1980, 53, 2439, 'סייר ג'),
(1981, 65, 2261, 'הפסקות'),
(1982, 4, 2260, 'מאבטח'),
(1983, 32, 2260, 'מאבטח'),
(1984, 36, 2260, 'מאבטח'),
(1985, 54, 2260, 'מאבטח'),
(1986, 3, 2452, 'מאבטח'),
(1987, 31, 2452, 'מאבטח'),
(1988, 33, 2452, 'מאבטח'),
(1989, 35, 2452, 'מאבטח'),
(1990, 4, 2453, 'מאבטח'),
(1991, 32, 2453, 'מאבטח'),
(1992, 55, 2454, 'מאבטח'),
(1993, 56, 2454, 'מאבטח'),
(1994, 57, 2454, 'מאבטח'),
(1995, 52, 2455, 'מאבטח'),
(1996, 53, 2455, 'מאבטח'),
(1997, 58, 2452, 'סייר רכוב'),
(1998, 36, 2453, 'סייר רכוב'),
(1999, 59, 2260, 'סייר א'),
(2000, 60, 2452, 'סייר א'),
(2001, 51, 2453, 'סייר א'),
(2002, 61, 2260, 'סייר ב'),
(2003, 62, 2452, 'סייר ב'),
(2004, 54, 2453, 'סייר ב'),
(2005, 63, 2260, 'סייר ג'),
(2006, 64, 2452, 'סייר ג'),
(2007, 55, 2453, 'סייר ג'),
(2008, 65, 2452, 'הפסקות'),
(2009, 3, 2468, 'מאבטח'),
(2010, 31, 2468, 'מאבטח'),
(2011, 33, 2468, 'מאבטח'),
(2012, 35, 2468, 'מאבטח'),
(2013, 4, 2469, 'מאבטח'),
(2014, 32, 2469, 'מאבטח'),
(2015, 36, 2469, 'מאבטח'),
(2016, 3, 2470, 'מאבטח'),
(2017, 31, 2470, 'מאבטח'),
(2018, 52, 2471, 'מאבטח'),
(2019, 53, 2471, 'מאבטח'),
(2020, 56, 2471, 'מאבטח'),
(2021, 57, 2468, 'סייר רכוב'),
(2022, 51, 2469, 'סייר רכוב'),
(2023, 33, 2470, 'סייר רכוב'),
(2024, 58, 2468, 'סייר א'),
(2025, 54, 2469, 'סייר א'),
(2026, 35, 2470, 'סייר א'),
(2027, 59, 2468, 'סייר ב'),
(2028, 55, 2469, 'סייר ב'),
(2029, 52, 2470, 'סייר ב'),
(2030, 60, 2468, 'סייר ג'),
(2031, 61, 2469, 'סייר ג'),
(2032, 53, 2470, 'סייר ג'),
(2033, 4, 2484, 'מאבטח'),
(2034, 32, 2484, 'מאבטח'),
(2035, 36, 2484, 'מאבטח'),
(2036, 3, 2485, 'מאבטח'),
(2037, 31, 2485, 'מאבטח'),
(2038, 33, 2485, 'מאבטח'),
(2039, 4, 2486, 'מאבטח'),
(2040, 32, 2486, 'מאבטח'),
(2041, 51, 2484, 'סייר רכוב'),
(2042, 35, 2485, 'סייר רכוב'),
(2043, 36, 2486, 'סייר רכוב'),
(2044, 54, 2484, 'סייר א'),
(2045, 52, 2485, 'סייר א'),
(2046, 51, 2486, 'סייר א'),
(2047, 55, 2484, 'סייר ב'),
(2048, 53, 2485, 'סייר ב'),
(2049, 54, 2486, 'סייר ב'),
(2050, 56, 2484, 'סייר ג'),
(2051, 57, 2485, 'סייר ג'),
(2052, 55, 2486, 'סייר ג'),
(2053, 3, 2499, 'מאבטח'),
(2054, 31, 2499, 'מאבטח'),
(2055, 33, 2499, 'מאבטח'),
(2056, 35, 2499, 'מאבטח'),
(2057, 4, 2500, 'מאבטח'),
(2058, 32, 2500, 'מאבטח'),
(2059, 36, 2500, 'מאבטח'),
(2060, 51, 2500, 'מאבטח'),
(2061, 3, 2501, 'מאבטח'),
(2062, 31, 2501, 'מאבטח'),
(2063, 52, 2502, 'מאבטח'),
(2064, 53, 2502, 'מאבטח'),
(2065, 56, 2502, 'מאבטח'),
(2066, 54, 2503, 'מאבטח'),
(2067, 55, 2503, 'מאבטח'),
(2068, 57, 2499, 'סייר רכוב'),
(2069, 58, 2500, 'סייר רכוב'),
(2070, 33, 2501, 'סייר רכוב'),
(2071, 59, 2499, 'סייר א'),
(2072, 60, 2500, 'סייר א'),
(2073, 35, 2501, 'סייר א'),
(2074, 61, 2499, 'סייר ב'),
(2075, 62, 2500, 'סייר ב'),
(2076, 52, 2501, 'סייר ב'),
(2077, 63, 2499, 'סייר ג'),
(2078, 64, 2500, 'סייר ג'),
(2079, 53, 2501, 'סייר ג'),
(2080, 65, 2500, 'הפסקות'),
(2081, 4, 2517, 'מאבטח'),
(2082, 32, 2517, 'מאבטח'),
(2083, 36, 2517, 'מאבטח'),
(2084, 51, 2517, 'מאבטח'),
(2085, 3, 2518, 'מאבטח'),
(2086, 31, 2518, 'מאבטח'),
(2087, 33, 2518, 'מאבטח'),
(2088, 35, 2518, 'מאבטח'),
(2089, 4, 2519, 'מאבטח'),
(2090, 32, 2519, 'מאבטח'),
(2091, 54, 2520, 'מאבטח'),
(2092, 55, 2520, 'מאבטח'),
(2093, 56, 2520, 'מאבטח'),
(2094, 52, 2521, 'מאבטח'),
(2095, 53, 2521, 'מאבטח'),
(2096, 57, 2517, 'סייר רכוב'),
(2097, 58, 2518, 'סייר רכוב'),
(2098, 36, 2519, 'סייר רכוב'),
(2099, 59, 2517, 'סייר א'),
(2100, 60, 2518, 'סייר א'),
(2101, 51, 2519, 'סייר א'),
(2102, 61, 2517, 'סייר ב'),
(2103, 62, 2518, 'סייר ב'),
(2104, 54, 2519, 'סייר ב'),
(2105, 63, 2517, 'סייר ג'),
(2106, 64, 2518, 'סייר ג'),
(2107, 55, 2519, 'סייר ג'),
(2108, 65, 2518, 'הפסקות'),
(2109, 3, 2535, 'מאבטח'),
(2110, 33, 2535, 'מאבטח'),
(2111, 35, 2535, 'מאבטח'),
(2112, 52, 2535, 'מאבטח'),
(2113, 4, 2536, 'מאבטח'),
(2114, 32, 2536, 'מאבטח'),
(2115, 36, 2536, 'מאבטח'),
(2116, 51, 2536, 'מאבטח'),
(2117, 3, 2537, 'מאבטח'),
(2118, 33, 2537, 'מאבטח'),
(2119, 53, 2538, 'מאבטח'),
(2120, 56, 2538, 'מאבטח'),
(2121, 57, 2538, 'מאבטח'),
(2122, 54, 2539, 'מאבטח'),
(2123, 55, 2539, 'מאבטח'),
(2124, 58, 2535, 'סייר רכוב'),
(2125, 59, 2536, 'סייר רכוב'),
(2126, 35, 2537, 'סייר רכוב'),
(2127, 60, 2535, 'סייר א'),
(2128, 61, 2536, 'סייר א'),
(2129, 52, 2537, 'סייר א'),
(2130, 62, 2535, 'סייר ב'),
(2131, 63, 2536, 'סייר ב'),
(2132, 53, 2537, 'סייר ב'),
(2133, 64, 2535, 'סייר ג'),
(2134, 65, 2536, 'סייר ג'),
(2135, 56, 2537, 'סייר ג'),
(2136, 66, 2536, 'הפסקות'),
(2137, 4, 2553, 'מאבטח'),
(2138, 31, 2553, 'מאבטח'),
(2139, 32, 2553, 'מאבטח'),
(2140, 36, 2553, 'מאבטח'),
(2141, 3, 2554, 'מאבטח'),
(2142, 33, 2554, 'מאבטח'),
(2143, 35, 2554, 'מאבטח'),
(2144, 51, 2554, 'מאבטח'),
(2145, 4, 2555, 'מאבטח'),
(2146, 31, 2555, 'מאבטח'),
(2147, 54, 2556, 'מאבטח'),
(2148, 55, 2556, 'מאבטח'),
(2149, 57, 2556, 'מאבטח'),
(2150, 52, 2557, 'מאבטח'),
(2151, 53, 2557, 'מאבטח'),
(2152, 58, 2553, 'סייר רכוב'),
(2153, 56, 2554, 'סייר רכוב'),
(2154, 32, 2555, 'סייר רכוב'),
(2155, 59, 2553, 'סייר א'),
(2156, 60, 2554, 'סייר א'),
(2157, 36, 2555, 'סייר א'),
(2158, 61, 2553, 'סייר ב'),
(2159, 62, 2554, 'סייר ב'),
(2160, 54, 2555, 'סייר ב'),
(2161, 63, 2553, 'סייר ג'),
(2162, 64, 2554, 'סייר ג'),
(2163, 55, 2555, 'סייר ג'),
(2164, 65, 2554, 'הפסקות'),
(2165, 3, 2571, 'מאבטח'),
(2166, 33, 2571, 'מאבטח'),
(2167, 35, 2571, 'מאבטח'),
(2168, 51, 2571, 'מאבטח'),
(2169, 4, 2572, 'מאבטח'),
(2170, 31, 2572, 'מאבטח'),
(2171, 32, 2572, 'מאבטח'),
(2172, 36, 2572, 'מאבטח'),
(2173, 3, 2573, 'מאבטח'),
(2174, 33, 2573, 'מאבטח'),
(2175, 52, 2574, 'מאבטח'),
(2176, 53, 2574, 'מאבטח'),
(2177, 56, 2574, 'מאבטח'),
(2178, 54, 2575, 'מאבטח'),
(2179, 55, 2575, 'מאבטח'),
(2180, 57, 2571, 'סייר רכוב'),
(2181, 58, 2572, 'סייר רכוב'),
(2182, 35, 2573, 'סייר רכוב'),
(2183, 59, 2571, 'סייר א'),
(2184, 60, 2572, 'סייר א'),
(2185, 51, 2573, 'סייר א'),
(2186, 61, 2571, 'סייר ב'),
(2187, 62, 2572, 'סייר ב'),
(2188, 52, 2573, 'סייר ב'),
(2189, 63, 2571, 'סייר ג'),
(2190, 64, 2572, 'סייר ג'),
(2191, 53, 2573, 'סייר ג'),
(2192, 65, 2572, 'הפסקות'),
(2193, 4, 2589, 'מאבטח'),
(2194, 31, 2589, 'מאבטח'),
(2195, 32, 2589, 'מאבטח'),
(2196, 36, 2589, 'מאבטח'),
(2197, 3, 2590, 'מאבטח'),
(2198, 33, 2590, 'מאבטח'),
(2199, 35, 2590, 'מאבטח'),
(2200, 4, 2591, 'מאבטח'),
(2201, 31, 2591, 'מאבטח'),
(2202, 54, 2592, 'מאבטח'),
(2203, 55, 2592, 'מאבטח'),
(2204, 56, 2592, 'מאבטח'),
(2205, 57, 2589, 'סייר רכוב'),
(2206, 51, 2590, 'סייר רכוב'),
(2207, 32, 2591, 'סייר רכוב'),
(2208, 58, 2589, 'סייר א'),
(2209, 52, 2590, 'סייר א'),
(2210, 36, 2591, 'סייר א'),
(2211, 59, 2589, 'סייר ב'),
(2212, 53, 2590, 'סייר ב'),
(2213, 54, 2591, 'סייר ב'),
(2214, 60, 2589, 'סייר ג'),
(2215, 61, 2590, 'סייר ג'),
(2216, 55, 2591, 'סייר ג'),
(2217, 3, 2605, 'מאבטח'),
(2218, 33, 2605, 'מאבטח'),
(2219, 35, 2605, 'מאבטח'),
(2220, 4, 2606, 'מאבטח'),
(2221, 31, 2606, 'מאבטח'),
(2222, 32, 2606, 'מאבטח'),
(2223, 3, 2607, 'מאבטח'),
(2224, 33, 2607, 'מאבטח'),
(2225, 51, 2605, 'סייר רכוב'),
(2226, 36, 2606, 'סייר רכוב'),
(2227, 35, 2607, 'סייר רכוב'),
(2228, 52, 2605, 'סייר א'),
(2229, 53, 2606, 'סייר א'),
(2230, 51, 2607, 'סייר א'),
(2231, 56, 2605, 'סייר ב'),
(2232, 54, 2606, 'סייר ב'),
(2233, 52, 2607, 'סייר ב'),
(2234, 57, 2605, 'סייר ג'),
(2235, 55, 2606, 'סייר ג'),
(2236, 56, 2607, 'סייר ג');

-- --------------------------------------------------------

--
-- Table structure for table `guests`
--

CREATE TABLE `guests` (
  `GuestID` int(11) NOT NULL,
  `GuestNumber` varchar(50) NOT NULL,
  `CarNumber` varchar(20) NOT NULL,
  `GuestName` varchar(100) NOT NULL,
  `GuestPhone` varchar(20) NOT NULL,
  `StartDate` date NOT NULL,
  `EndDate` date NOT NULL,
  `IsActive` tinyint(1) NOT NULL DEFAULT 1
) ENGINE=InnoDB DEFAULT CHARSET=utf8mb4 COLLATE=utf8mb4_general_ci;

--
-- Dumping data for table `guests`
--

INSERT INTO `guests` (`GuestID`, `GuestNumber`, `CarNumber`, `GuestName`, `GuestPhone`, `StartDate`, `EndDate`, `IsActive`) VALUES
(1, '1001', '12345678', 'דני לוי', '0501234567', '2025-05-20', '2025-06-01', 0),
(2, '1001', '23456789', 'דני לוי', '0501234567', '2025-05-20', '2025-06-01', 0),
(3, '1002', '34567890', 'מיכל כהן', '0529876543', '2025-05-22', '2025-08-03', 1),
(4, '1002', '45678901', 'מיכל כהן', '0529876543', '2025-05-22', '2025-08-03', 1),
(5, '202', '123456789', 'אאא', '0521234567', '2025-01-20', '2026-06-29', 1),
(6, '202', '55566647', 'בבב', '0501234567', '2025-01-20', '2026-06-29', 1),
(8, '12223', '123555', '222', '1234567890', '2025-05-14', '2025-05-30', 0),
(9, '10', '01', 'אאאצל', '0501234567', '2025-05-06', '2025-05-27', 0);

-- --------------------------------------------------------

--
-- Table structure for table `incident`
--

CREATE TABLE `incident` (
  `id` int(11) NOT NULL,
  `Incident_Name` varchar(100) NOT NULL,
  `Incident_Date` datetime DEFAULT NULL,
  `Kabat_Name` varchar(100) DEFAULT NULL,
  `Dispatcher_Name` varchar(100) DEFAULT NULL,
  `Patrol_Name` varchar(100) DEFAULT NULL,
  `Other_Participants` text DEFAULT NULL,
  `Description` text DEFAULT NULL
) ENGINE=InnoDB DEFAULT CHARSET=utf8mb4 COLLATE=utf8mb4_general_ci;

--
-- Dumping data for table `incident`
--

INSERT INTO `incident` (`id`, `Incident_Name`, `Incident_Date`, `Kabat_Name`, `Dispatcher_Name`, `Patrol_Name`, `Other_Participants`, `Description`) VALUES
(1, 'סירוב בידוק', '2025-06-22 10:06:30', 'קבט1 קבט1', 'מוקד1 מוקד1', 'מאבטח1 מאבטח1', 'נהג רכב', 'סירוב בידוק'),
(2, 'פריצת מחסום', '2025-06-22 06:36:20', 'קבט1 קבט1', 'מוקד1 מוקד1', 'מאבטח1 מאבטח1', 'נהג רכב', 'פריצת מחסום'),
(3, 'חדירה לשטח אסור', '2025-06-21 02:15:00', 'כהן דוד', 'מורן בר', 'סייר לילה 1', 'נציג משטרה', 'התרחשה חדירה לשטח מגודר בשעות הלילה'),
(4, 'אירוע רכב חשוד', '2025-06-20 18:30:00', 'לוי נועם', 'דנה שרון', 'סייר 2', 'עובר אורח', 'רכב חנה זמן רב סמוך לשער הראשי ללא זיהוי'),
(5, 'עיכוב בשער', '2025-06-19 07:45:00', 'קבסה יניב', 'נופר זהבי', 'סייר ראשי', 'אורח מהנדסה', 'אורח סירב להזדהות – הוזמן קב\"ט'),
(6, 'תקרית מילולית', '2025-06-18 15:10:00', 'מימון יוסי', 'טל גולן', 'סייר רכוב 3', 'עובד ניקיון', 'ויכוח בין קבלן לאחד העובדים; לא נדרשה התערבות חיצונית'),
(7, 'הצתת פח אשפה', '2025-06-17 17:53:00', '', 'אור גרשון', 'סייר לילה 2', 'כיבוי אש', 'נרשמה הצתה של פח ליד המעונות, הוזעק כיבוי אש');

-- --------------------------------------------------------

--
-- Table structure for table `role`
--

CREATE TABLE `role` (
  `ID_Role` int(11) NOT NULL,
  `Role_Name` varchar(50) NOT NULL,
  `Create_Work_Schedule` varchar(10) NOT NULL DEFAULT 'unable',
  `Update_Work_Schedule` varchar(10) NOT NULL DEFAULT 'unable',
  `Watch_Work_Schedule` varchar(10) CHARACTER SET utf8 COLLATE utf8_general_ci NOT NULL DEFAULT 'unable',
  `Watch_Incident` varchar(10) NOT NULL DEFAULT 'unable',
  `Create_Incident` varchar(10) NOT NULL DEFAULT 'unable',
  `Updating_Incident` varchar(10) NOT NULL DEFAULT 'unable',
  `Create_Guest_List` varchar(10) CHARACTER SET utf8 COLLATE utf8_general_ci NOT NULL DEFAULT 'unable',
  `Update_Guest_List` varchar(10) NOT NULL DEFAULT 'unable'
) ENGINE=InnoDB DEFAULT CHARSET=utf8mb4 COLLATE=utf8mb4_general_ci;

--
-- Dumping data for table `role`
--

INSERT INTO `role` (`ID_Role`, `Role_Name`, `Create_Work_Schedule`, `Update_Work_Schedule`, `Watch_Work_Schedule`, `Watch_Incident`, `Create_Incident`, `Updating_Incident`, `Create_Guest_List`, `Update_Guest_List`) VALUES
(1, 'manager', 'able', 'able', 'able', 'able', 'unable', 'unable', 'able', 'able'),
(2, 'kabat', 'unable', 'unable', 'able', 'able', 'able', 'able', 'unable', 'unable'),
(3, 'moked', 'unable', 'unable', 'able', 'able', 'unable', 'unable', 'able', 'able'),
(4, 'guard', 'unable', 'unable', 'able', 'unable', 'unable', 'unable', 'unable', 'unable');

-- --------------------------------------------------------

--
-- Table structure for table `shift`
--

CREATE TABLE `shift` (
  `ID` int(11) NOT NULL,
  `Date` date NOT NULL,
  `Location` enum('נשר','ראשי','אחר') NOT NULL,
  `ShiftType` enum('בוקר','ערב','לילה') NOT NULL,
  `Num_Guards` int(11) DEFAULT 0,
  `Num_Moked` int(11) DEFAULT 0,
  `Num_Kabat` int(11) DEFAULT 0
) ENGINE=InnoDB DEFAULT CHARSET=utf8mb4 COLLATE=utf8mb4_general_ci;

--
-- Dumping data for table `shift`
--

INSERT INTO `shift` (`ID`, `Date`, `Location`, `ShiftType`, `Num_Guards`, `Num_Moked`, `Num_Kabat`) VALUES
(2205, '2025-06-15', 'אחר', 'בוקר', 0, 1, 1),
(2206, '2025-06-15', 'אחר', 'ערב', 0, 1, 1),
(2207, '2025-06-15', 'אחר', 'לילה', 0, 1, 1),
(2208, '2025-06-16', 'אחר', 'בוקר', 0, 1, 1),
(2214, '2025-06-16', 'אחר', 'לילה', 0, 1, 1),
(2215, '2025-06-17', 'אחר', 'ערב', 0, 1, 1),
(2218, '2025-06-17', 'אחר', 'לילה', 0, 1, 1),
(2219, '2025-06-18', 'אחר', 'בוקר', 0, 1, 1),
(2220, '2025-06-18', 'אחר', 'ערב', 0, 0, 1),
(2221, '2025-06-19', 'אחר', 'ערב', 0, 0, 1),
(2222, '2025-06-19', 'אחר', 'בוקר', 0, 0, 1),
(2223, '2025-06-19', 'אחר', 'לילה', 0, 0, 1),
(2224, '2025-06-24', 'אחר', 'בוקר', 0, 1, 1),
(2225, '2025-06-23', 'אחר', 'ערב', 0, 1, 1),
(2226, '2025-06-22', 'אחר', 'בוקר', 0, 0, 1),
(2227, '2025-06-23', 'אחר', 'בוקר', 0, 0, 1),
(2228, '2025-06-24', 'אחר', 'לילה', 0, 0, 1),
(2229, '2025-06-24', 'אחר', 'ערב', 0, 1, 1),
(2230, '2025-06-25', 'אחר', 'ערב', 0, 0, 1),
(2231, '2025-06-25', 'אחר', 'בוקר', 0, 1, 1),
(2232, '2025-06-25', 'אחר', 'לילה', 0, 0, 1),
(2239, '2025-06-18', 'אחר', 'לילה', 0, 1, 1),
(2245, '2025-06-22', 'אחר', 'ערב', 0, 1, 1),
(2246, '2025-06-22', 'אחר', 'לילה', 0, 1, 1),
(2247, '2025-06-15', 'ראשי', 'בוקר', 11, 0, 0),
(2248, '2025-06-15', 'ראשי', 'לילה', 8, 0, 0),
(2249, '2025-06-16', 'ראשי', 'ערב', 11, 0, 0),
(2250, '2025-06-15', 'ראשי', 'ערב', 10, 0, 0),
(2252, '2025-06-16', 'נשר', 'בוקר', 4, 0, 0),
(2253, '2025-06-17', 'נשר', 'בוקר', 4, 0, 0),
(2254, '2025-06-17', 'נשר', 'ערב', 3, 0, 0),
(2255, '2025-06-16', 'ראשי', 'בוקר', 10, 0, 0),
(2257, '2025-06-17', 'ראשי', 'ערב', 10, 0, 0),
(2258, '2025-06-18', 'ראשי', 'בוקר', 9, 0, 0),
(2259, '2025-06-18', 'נשר', 'בוקר', 4, 0, 0),
(2260, '2025-06-19', 'ראשי', 'בוקר', 9, 0, 0),
(2261, '2025-06-18', 'ראשי', 'ערב', 11, 0, 0),
(2262, '2025-06-17', 'ראשי', 'בוקר', 9, 0, 0),
(2293, '2025-06-16', 'אחר', 'ערב', 0, 1, 1),
(2339, '2025-06-17', 'אחר', 'בוקר', 0, 0, 1),
(2341, '2025-06-20', 'אחר', 'בוקר', 0, 0, 1),
(2342, '2025-06-20', 'אחר', 'ערב', 0, 0, 1),
(2343, '2025-06-20', 'אחר', 'לילה', 0, 0, 1),
(2344, '2025-06-21', 'אחר', 'בוקר', 0, 0, 1),
(2345, '2025-06-21', 'אחר', 'ערב', 0, 0, 1),
(2346, '2025-06-21', 'אחר', 'לילה', 0, 0, 1),
(2349, '2025-06-23', 'אחר', 'לילה', 0, 0, 1),
(2350, '2025-06-26', 'אחר', 'בוקר', 0, 0, 1),
(2351, '2025-06-26', 'אחר', 'ערב', 0, 0, 1),
(2352, '2025-06-26', 'אחר', 'לילה', 0, 0, 1),
(2353, '2025-06-27', 'אחר', 'בוקר', 0, 1, 1),
(2354, '2025-06-27', 'אחר', 'ערב', 0, 1, 1),
(2355, '2025-06-27', 'אחר', 'לילה', 0, 1, 1),
(2356, '2025-06-28', 'אחר', 'בוקר', 0, 0, 1),
(2357, '2025-06-28', 'אחר', 'ערב', 0, 0, 1),
(2358, '2025-06-28', 'אחר', 'לילה', 0, 0, 1),
(2396, '2025-06-15', 'נשר', 'בוקר', 3, 0, 0),
(2397, '2025-06-15', 'נשר', 'ערב', 2, 0, 0),
(2411, '2025-06-16', 'ראשי', 'לילה', 6, 0, 0),
(2412, '2025-06-16', 'נשר', 'ערב', 2, 0, 0),
(2425, '2025-06-17', 'ראשי', 'לילה', 6, 0, 0),
(2439, '2025-06-18', 'ראשי', 'לילה', 6, 0, 0),
(2440, '2025-06-18', 'נשר', 'ערב', 2, 0, 0),
(2452, '2025-06-19', 'ראשי', 'ערב', 9, 0, 0),
(2453, '2025-06-19', 'ראשי', 'לילה', 6, 0, 0),
(2454, '2025-06-19', 'נשר', 'בוקר', 3, 0, 0),
(2455, '2025-06-19', 'נשר', 'ערב', 2, 0, 0),
(2468, '2025-06-20', 'ראשי', 'בוקר', 8, 0, 0),
(2469, '2025-06-20', 'ראשי', 'ערב', 7, 0, 0),
(2470, '2025-06-20', 'ראשי', 'לילה', 6, 0, 0),
(2471, '2025-06-20', 'נשר', 'בוקר', 3, 0, 0),
(2484, '2025-06-21', 'ראשי', 'בוקר', 7, 0, 0),
(2485, '2025-06-21', 'ראשי', 'ערב', 7, 0, 0),
(2486, '2025-06-21', 'ראשי', 'לילה', 6, 0, 0),
(2499, '2025-06-22', 'ראשי', 'בוקר', 8, 0, 0),
(2500, '2025-06-22', 'ראשי', 'ערב', 9, 0, 0),
(2501, '2025-06-22', 'ראשי', 'לילה', 6, 0, 0),
(2502, '2025-06-22', 'נשר', 'בוקר', 3, 0, 0),
(2503, '2025-06-22', 'נשר', 'ערב', 2, 0, 0),
(2517, '2025-06-23', 'ראשי', 'בוקר', 8, 0, 0),
(2518, '2025-06-23', 'ראשי', 'ערב', 9, 0, 0),
(2519, '2025-06-23', 'ראשי', 'לילה', 6, 0, 0),
(2520, '2025-06-23', 'נשר', 'בוקר', 3, 0, 0),
(2521, '2025-06-23', 'נשר', 'ערב', 2, 0, 0),
(2535, '2025-06-24', 'ראשי', 'בוקר', 8, 0, 0),
(2536, '2025-06-24', 'ראשי', 'ערב', 9, 0, 0),
(2537, '2025-06-24', 'ראשי', 'לילה', 6, 0, 0),
(2538, '2025-06-24', 'נשר', 'בוקר', 3, 0, 0),
(2539, '2025-06-24', 'נשר', 'ערב', 2, 0, 0),
(2553, '2025-06-25', 'ראשי', 'בוקר', 8, 0, 0),
(2554, '2025-06-25', 'ראשי', 'ערב', 9, 0, 0),
(2555, '2025-06-25', 'ראשי', 'לילה', 6, 0, 0),
(2556, '2025-06-25', 'נשר', 'בוקר', 3, 0, 0),
(2557, '2025-06-25', 'נשר', 'ערב', 2, 0, 0),
(2571, '2025-06-26', 'ראשי', 'בוקר', 8, 0, 0),
(2572, '2025-06-26', 'ראשי', 'ערב', 9, 0, 0),
(2573, '2025-06-26', 'ראשי', 'לילה', 6, 0, 0),
(2574, '2025-06-26', 'נשר', 'בוקר', 3, 0, 0),
(2575, '2025-06-26', 'נשר', 'ערב', 2, 0, 0),
(2589, '2025-06-27', 'ראשי', 'בוקר', 8, 0, 0),
(2590, '2025-06-27', 'ראשי', 'ערב', 7, 0, 0),
(2591, '2025-06-27', 'ראשי', 'לילה', 6, 0, 0),
(2592, '2025-06-27', 'נשר', 'בוקר', 3, 0, 0),
(2605, '2025-06-28', 'ראשי', 'בוקר', 7, 0, 0),
(2606, '2025-06-28', 'ראשי', 'ערב', 7, 0, 0),
(2607, '2025-06-28', 'ראשי', 'לילה', 6, 0, 0);

-- --------------------------------------------------------

--
-- Table structure for table `users`
--

CREATE TABLE `users` (
  `id` int(11) NOT NULL,
  `username` varchar(255) NOT NULL,
  `firstName` varchar(255) CHARACTER SET utf8 COLLATE utf8_general_ci NOT NULL,
  `lastName` varchar(255) CHARACTER SET utf8 COLLATE utf8_general_ci NOT NULL,
  `birthDate` date DEFAULT NULL,
  `password` varchar(255) NOT NULL,
  `email` varchar(255) CHARACTER SET utf8 COLLATE utf8_general_ci NOT NULL,
  `phone` varchar(20) CHARACTER SET utf8 COLLATE utf8_general_ci NOT NULL,
  `street` varchar(255) CHARACTER SET utf8 COLLATE utf8_general_ci NOT NULL,
  `city` varchar(100) CHARACTER SET utf8 COLLATE utf8_general_ci NOT NULL,
  `postalCode` varchar(20) CHARACTER SET utf8 COLLATE utf8_general_ci NOT NULL,
  `role` enum('guard','manager','kabat','moked') NOT NULL DEFAULT 'guard',
  `status` enum('active','inactive') NOT NULL DEFAULT 'inactive',
  `registration_date` date DEFAULT NULL
) ENGINE=InnoDB DEFAULT CHARSET=utf8mb4 COLLATE=utf8mb4_general_ci;

--
-- Dumping data for table `users`
--

INSERT INTO `users` (`id`, `username`, `firstName`, `lastName`, `birthDate`, `password`, `email`, `phone`, `street`, `city`, `postalCode`, `role`, `status`, `registration_date`) VALUES
(1, 'Manager', 'מנהל', 'מנהל', NULL, '$2b$10$nV8.B.9FcfYfnPeIlfbj0eQuJnCA9oK/21hq/4JJWDCD/pIYv/MZa', '', '', '', '', '', 'manager', 'active', NULL),
(3, 'fehmi1', 'פהמי1', 'והבי', NULL, '$2b$10$FuyqWM9i.Hud9nXHyjXA7uW1GIt/teH.Fig09qkHV5nKXDfFFgZTW', 'fehmiwe1@gmail.com', '0528861847', '10', 'dalet', '3005600', 'guard', 'active', NULL),
(4, 'fehmi2', 'פהמי2', 'והבי', '2000-05-20', '$2b$10$shynZE/wVOCgHRtaJF2o3.K7bUgrFyjYZd4T8TXmD/fMQDgoqYzM.', 'fehmiwe1@gmail.com', '0528861847', '21', 'waa', '3005600', 'guard', 'active', NULL),
(31, 'Maor', 'מאור', 'דוד', '1997-11-13', '$2b$10$LYoogQBupC8IjAZSdwr4Nu8UcWS4kYmi9m4/yl8zurGh4ziY1GGqO', 'maor@gmail.com', '0522222222', 'חיפה', 'חיפה', '3224712', 'guard', 'active', NULL),
(32, 'avidan', 'אבידן', 'סלומי', '1989-05-26', '$2b$10$vWKRtl7x0PHUFA2uWQzWF..kKkuvO0CTqeVzZo73vnaaU7utCUiOa', 'avidan@gmail.com', '0501234567', 'דד', 'רכסים', '2406080', 'guard', 'active', '2025-05-21'),
(33, 'elia', 'איליה', 'כרומנשק', '1982-11-02', '$2b$10$tpdi6ExqJLPzgiXN5RccheDlpqyj9JHeXUwk/MSdsZDhvZcjlbpCS', 'elia1@gmail.com', '0521234567', 'טבריה', 'טבריה', '1234567', 'guard', 'active', '2025-05-21'),
(35, 'bar', 'בר', 'כהן', '1998-05-06', '$2b$10$YWhI4LpVlYOqED4sW1QsRujztkHEiAZq9FbFW91mXNq3VjYL.xHCS', 'bar@gmail.com', '0521234567', '10', 'חיפה', '1234567', 'guard', 'active', '2025-05-21'),
(36, 'armon2020', 'יונתן', 'ארמון', '2000-10-20', '$2b$10$aP/cAkKi0yR7vUIs2E86IuYyUQo1iJoTwiPENlsT1VB0syvOHdvwW', 'armon@gmail.com', '0522222224', 'הבריכה', 'נשר', '3663910', 'guard', 'active', '2025-06-09'),
(37, 'kabat1', 'קבט1', 'קבט1', '2008-02-11', '$2b$10$P/X4fDXxPwUR04YHHYT9guhmtQ0PKf2utAu9tlCwDZz1uTLtPvKNS', 'kabat1@gmail.com', '0522222224', 'חיפה', 'חיפה', '1234567', 'kabat', 'active', '2025-06-10'),
(38, 'kabat2', 'קבט2', 'קבט2', '2008-02-11', '$2b$10$VjTpjWr13M4IkNFIxj8hKeHbrxveFbrKgd1liX4xz5qEM9UYVim82', 'kabat1@gmail.com', '0522222224', 'חיפה', 'חיפה', '1234567', 'kabat', 'active', '2025-06-10'),
(39, 'kabat3', 'קבט3', 'קבט3', '2008-02-11', '$2b$10$G3nosFZJFl8arSkl49HOJuDqwH1UV8i3hcKtIqWKBtB5doXFym5QC', 'kabat1@gmail.com', '0522222224', 'חיפה', 'חיפה', '1234567', 'kabat', 'active', '2025-06-10'),
(40, 'kabat4', 'קבט4', 'קבט4', '2008-02-11', '$2b$10$KNXxjOda1icEwMa/2glQ6./ivxTfMnrt6LhbGQ/j/VMqbkSkbCHBu', 'kabat1@gmail.com', '0522222224', 'חיפה', 'חיפה', '1234567', 'kabat', 'active', '2025-06-10'),
(41, 'moked1', 'מוקד1', 'מוקד1', '2008-02-11', '$2b$10$oLoBUIJlMCu7U3tv7YKCbOfhnuK3ypQgkkxO7eO/xp20KjsqIm12.', 'moked@gmail.com', '0522222224', 'חיפה', 'חיפה', '1234567', 'moked', 'active', '2025-06-10'),
(42, 'moked2', 'מוקד2', 'מוקד2', '2008-02-11', '$2b$10$D.YO/VEm5be/QertNSR0Aeo1CpwBsbCwtMY84l8VThgd3CoFQOYBO', 'moked@gmail.com', '0522222224', 'חיפה', 'חיפה', '1234567', 'moked', 'active', '2025-06-10'),
(43, 'moked3', 'מוקד3', 'מוקד3', '2008-02-11', '$2b$10$DUEa5ZOjgB5osS2UVjXKauKDi9BTwGbbOmOiKdc3wAG2ulKp8iHGS', 'moked@gmail.com', '0522222224', 'חיפה', 'חיפה', '1234567', 'moked', 'active', '2025-06-10'),
(44, 'moked4', 'מוקד4', 'מוקד4', '2008-02-11', '$2b$10$MJIKkBOqm4VPPq0p/gkPeuLBsbhDGKVyDOQkjQIY/iieFE3dNFctS', 'moked@gmail.com', '0522222224', 'חיפה', 'חיפה', '1234567', 'moked', 'active', '2025-06-10'),
(45, 'moked5', 'מוקד5', 'מוקד5', '2008-02-11', '$2b$10$BeFxicWuhsWkiA11IfOHwOsHR9MEun7SRSwh1EqYvsjzYHSejdKAi', 'moked@gmail.com', '0522222224', 'חיפה', 'חיפה', '1234567', 'moked', 'active', '2025-06-10'),
(46, 'kabat5', 'קבט5', 'קבט5', '2025-06-03', '$2b$10$Z06X5Excw6m5ziEXYfmCNuukgmQwVaOqYZ.GZFoP18WTmiqBqxA1K', 'kabat5@gmail.com', '0522222224', 'רחוברחוב', 'חיפה', '1234567', 'kabat', 'active', '2025-06-21'),
(47, 'kabat6', 'קבט6', 'קבט6', '2025-06-03', '$2b$10$cahKJGfFJ6Ehat69ynT9xu9qB5u8koypv9b10q7HHXzv7ZSMakx5G', 'kabat6@gmail.com', '0522222224', 'רחוב', 'חיפה', '1234567', 'kabat', 'active', '2025-06-21'),
(48, 'kabat7', 'קבט7', 'קבט7', '2025-06-03', '$2b$10$stAZKv6bXKtlxF1dEN2V0OXpCwYyqRAjFEZZZtbqHIRjApVQKE9ye', 'kabat7@gmail.com', '0522222224', 'רחוב', 'חיפה', '1234567', 'kabat', 'active', '2025-06-21'),
(49, 'Moked6', 'מוקד6', 'מוקד6', '2025-06-03', '$2b$10$g70D873D.krvsi9BJItRae0sp0lXMlNr2Tu6MUJ9agPx41xjq4ef6', 'Moked6@gmail.com', '0522222224', 'רחוב', 'חיפה', '1234567', 'moked', 'active', '2025-06-21'),
(50, 'Moked7', 'מוקד7', 'מוקד7', '2025-06-03', '$2b$10$bC/621GGmWnsHpaR6X5gyu1VlcEr88cz7eAtJwjeVyTrpDTm81/nC', 'Moked7@gmail.com', '0522222224', 'רחוב', 'חיפה', '1234567', 'moked', 'active', '2025-06-21'),
(51, 'guard1', 'מאבטח1', 'מאבטח1', NULL, '$2b$10$GRlDytwHtX068U.Ll/p4r.9fc1EqWioMxKM.V/dgZ8etOOdDjpWLS', 'guard1@gmail.com', '', '', '', '', 'guard', 'active', NULL),
(52, 'guard2', 'מאבטח2', 'מאבטח2', NULL, '$2b$10$DyrxJUUUvoTACTiQ3z04duavfn6Gxx8S6XGnNO.TQK3laaAdTtuju', 'guard2@gmail.com', '', '', '', '', 'guard', 'active', NULL),
(53, 'guard3', 'מאבטח3', 'מאבטח3', NULL, '$2b$10$jUMZri1PpPU6pbAL4eKxEOwhFUGpqXVa/FaVJLao/7q6eFAAlWabG', 'guard3@gmail.com', '', '', '', '', 'guard', 'active', NULL),
(54, 'guard4', 'מאבטח4', 'מאבטח4', NULL, '$2b$10$RJCu1moJqzPUHbAN2u5T3eWaTwqocIhIlDwOJAQdEpdR/Iedz/Rmu', 'guard4@gmail.com', '', '', '', '', 'guard', 'active', NULL),
(55, 'guard5', 'מאבטח5', 'מאבטח5', NULL, '$2b$10$2qpyDSb5SBZmUrkCNUV.r.C/o.IrQCxVLpPK45Mx9E6LU8t48zxIW', 'guard5@gmail.com', '', '', '', '', 'guard', 'active', NULL),
(56, 'guard6', 'מאבטח6', 'מאבטח6', NULL, '$2b$10$bCpwFb4enZR3k3zDHBcqWO3CVp9UBBaDrHGV86Bm6871zkCQMUAIe', 'guard6@gmail.com', '', '', '', '', 'guard', 'active', NULL),
(57, 'guard7', 'מאבטח7', 'מאבטח7', NULL, '$2b$10$U9CinL2LglamTx2cbLrpGO0l5SBGgnoDR8b8p0/JUGv6RGqfHmGGe', 'guard7@gmail.com', '', '', '', '', 'guard', 'active', NULL),
(58, 'guard8', 'מאבטח8', 'מאבטח8', NULL, '$2b$10$jeCWzMe.YaJtHSaflQr5YuzlP/ZkkPrEWOcp.b.SXzEfiFe8Suh6G', 'guard8@gmail.com', '', '', '', '', 'guard', 'active', NULL),
(59, 'guard9', 'מאבטח9', 'מאבטח9', NULL, '$2b$10$Bfc/CHnyHTnVuUxqUA6JKeQ2xpISf09Er/ZpT.t4hJIExLcxR1sre', 'guard9@gmail.com', '', '', '', '', 'guard', 'active', NULL),
(60, 'guard10', 'מאבטח10', 'מאבטח10', NULL, '$2b$10$6VDYbWlfS95vO2Yghv3Gz.1PkP4VQtw8mGnFBjwYKVNFd4bMAhWsy', 'guard10@gmail.com', '', '', '', '', 'guard', 'active', NULL),
(61, 'guard11', 'מאבטח11', 'מאבטח11', NULL, '$2b$10$slvt3RFqTCT4sAdCCaoJdOApKAD/1nN1tNMz6rmiyTHN8vr6mlmC6', 'guard11@gmail.com', '', '', '', '', 'guard', 'active', NULL),
(62, 'guard12', 'מאבטח12', 'מאבטח12', NULL, '$2b$10$flKXBPJiAkhq6ObTbQvesOh.VU6JEUi5afL0dEIjkCh8vtH4vvzwq', 'guard12@gmail.com', '', '', '', '', 'guard', 'active', NULL),
(63, 'guard13', 'מאבטח13', 'מאבטח13', NULL, '$2b$10$eaKMED67zaYPa2MF/WpON.e.17IXVoCUhUBoFbiZeCEyQ9Aa3z54y', 'guard13@gmail.com', '', '', '', '', 'guard', 'active', NULL),
(64, 'guard14', 'מאבטח14', 'מאבטח14', NULL, '$2b$10$J.iv0BWZmRVeDVi/rWg8h.N85pcym.qiLMSbfZhLfm7c5hLGEewlO', 'guard14@gmail.com', '', '', '', '', 'guard', 'active', NULL),
(65, 'guard15', 'מאבטח15', 'מאבטח15', NULL, '$2b$10$x/Z8TsVN7Oh6ou3bFwyHtutWOm1j8fjfKXCmVP77DJ.hGv1STLWBS', 'guard15@gmail.com', '', '', '', '', 'guard', 'active', NULL),
(66, 'guard16', 'מאבטח16', 'מאבטח16', NULL, '$2b$10$sjJvo5XR/5uOOiJbKAphtO17IwF/migp3TttAD0pRSMPSKip1FkLK', 'guard16@gmail.com', '', '', '', '', 'guard', 'active', NULL),
(67, 'guard17', 'מאבטח17', 'מאבטח17', NULL, '$2b$10$PKkXfJ3zX.fzwWcApdRWtuUbJZED.ugYYI7MqK39HqRpdWqAennia', 'guard17@gmail.com', '', '', '', '', 'guard', 'active', NULL),
(68, 'guard18', 'מאבטח18', 'מאבטח18', NULL, '$2b$10$7IZ5EKChSD/iBfTFhqupFOOvALjl0QudHtf.UrSAZH6pPW6h0DOkm', 'guard18@gmail.com', '', '', '', '', 'guard', 'active', NULL),
(69, 'guard19', 'מאבטח19', 'מאבטח19', NULL, '$2b$10$c4EuSepdYh7CgeqMABCp9u9m3boxndTJ8SLN8LUWwLrjUSBLrfpDa', 'guard19@gmail.com', '', '', '', '', 'guard', 'active', NULL),
(70, 'guard20', 'מאבטח20', 'מאבטח20', NULL, '$2b$10$MhhyMfOXSvakAsrhnPb7leFWZnN5PlG2zuNU1qgVXsk3DJ.vlBmC.', 'guard20@gmail.com', '', '', '', '', 'guard', 'active', NULL);

--
-- Indexes for dumped tables
--

--
-- Indexes for table `employee_constraints`
--
ALTER TABLE `employee_constraints`
  ADD PRIMARY KEY (`id`),
  ADD UNIQUE KEY `ID_employee` (`ID_employee`,`date`,`shift`),
  ADD UNIQUE KEY `uniq_employee_date_shift` (`ID_employee`,`date`,`shift`);

--
-- Indexes for table `employee_notifications`
--
ALTER TABLE `employee_notifications`
  ADD PRIMARY KEY (`id`),
  ADD KEY `ID_employee` (`ID_employee`);

--
-- Indexes for table `employee_requests`
--
ALTER TABLE `employee_requests`
  ADD PRIMARY KEY (`id`),
  ADD KEY `ID_employee` (`ID_employee`);

--
-- Indexes for table `employee_shift_assignment`
--
ALTER TABLE `employee_shift_assignment`
  ADD PRIMARY KEY (`ID`),
  ADD KEY `Employee_ID` (`Employee_ID`),
  ADD KEY `Shift_ID` (`Shift_ID`);

--
-- Indexes for table `guests`
--
ALTER TABLE `guests`
  ADD PRIMARY KEY (`GuestID`),
  ADD UNIQUE KEY `GuestNumber` (`GuestNumber`,`CarNumber`);

--
-- Indexes for table `incident`
--
ALTER TABLE `incident`
  ADD PRIMARY KEY (`id`);

--
-- Indexes for table `role`
--
ALTER TABLE `role`
  ADD PRIMARY KEY (`ID_Role`),
  ADD UNIQUE KEY `Role_Name` (`Role_Name`);

--
-- Indexes for table `shift`
--
ALTER TABLE `shift`
  ADD PRIMARY KEY (`ID`),
  ADD UNIQUE KEY `unique_shift` (`Date`,`Location`,`ShiftType`);

--
-- Indexes for table `users`
--
ALTER TABLE `users`
  ADD PRIMARY KEY (`id`);

--
-- AUTO_INCREMENT for dumped tables
--

--
-- AUTO_INCREMENT for table `employee_constraints`
--
ALTER TABLE `employee_constraints`
  MODIFY `id` int(11) NOT NULL AUTO_INCREMENT, AUTO_INCREMENT=321;

--
-- AUTO_INCREMENT for table `employee_notifications`
--
ALTER TABLE `employee_notifications`
  MODIFY `id` int(11) NOT NULL AUTO_INCREMENT, AUTO_INCREMENT=24;

--
-- AUTO_INCREMENT for table `employee_requests`
--
ALTER TABLE `employee_requests`
  MODIFY `id` int(11) NOT NULL AUTO_INCREMENT, AUTO_INCREMENT=17;

--
-- AUTO_INCREMENT for table `employee_shift_assignment`
--
ALTER TABLE `employee_shift_assignment`
  MODIFY `ID` int(11) NOT NULL AUTO_INCREMENT, AUTO_INCREMENT=2237;

--
-- AUTO_INCREMENT for table `guests`
--
ALTER TABLE `guests`
  MODIFY `GuestID` int(11) NOT NULL AUTO_INCREMENT, AUTO_INCREMENT=10;

--
-- AUTO_INCREMENT for table `incident`
--
ALTER TABLE `incident`
  MODIFY `id` int(11) NOT NULL AUTO_INCREMENT, AUTO_INCREMENT=8;

--
-- AUTO_INCREMENT for table `role`
--
ALTER TABLE `role`
  MODIFY `ID_Role` int(11) NOT NULL AUTO_INCREMENT, AUTO_INCREMENT=5;

--
-- AUTO_INCREMENT for table `shift`
--
ALTER TABLE `shift`
  MODIFY `ID` int(11) NOT NULL AUTO_INCREMENT, AUTO_INCREMENT=2620;

--
-- AUTO_INCREMENT for table `users`
--
ALTER TABLE `users`
  MODIFY `id` int(11) NOT NULL AUTO_INCREMENT, AUTO_INCREMENT=91;

--
-- Constraints for dumped tables
--

--
-- Constraints for table `employee_constraints`
--
ALTER TABLE `employee_constraints`
  ADD CONSTRAINT `employee_constraints_ibfk_1` FOREIGN KEY (`ID_employee`) REFERENCES `users` (`id`) ON DELETE CASCADE ON UPDATE CASCADE;

--
-- Constraints for table `employee_notifications`
--
ALTER TABLE `employee_notifications`
  ADD CONSTRAINT `employee_notifications_ibfk_1` FOREIGN KEY (`ID_employee`) REFERENCES `users` (`id`) ON DELETE CASCADE ON UPDATE CASCADE;

--
-- Constraints for table `employee_requests`
--
ALTER TABLE `employee_requests`
  ADD CONSTRAINT `employee_requests_ibfk_1` FOREIGN KEY (`ID_employee`) REFERENCES `users` (`id`) ON DELETE CASCADE ON UPDATE CASCADE;

--
-- Constraints for table `employee_shift_assignment`
--
ALTER TABLE `employee_shift_assignment`
  ADD CONSTRAINT `employee_shift_assignment_ibfk_1` FOREIGN KEY (`Employee_ID`) REFERENCES `users` (`id`),
  ADD CONSTRAINT `employee_shift_assignment_ibfk_2` FOREIGN KEY (`Shift_ID`) REFERENCES `shift` (`ID`);
COMMIT;

/*!40101 SET CHARACTER_SET_CLIENT=@OLD_CHARACTER_SET_CLIENT */;
/*!40101 SET CHARACTER_SET_RESULTS=@OLD_CHARACTER_SET_RESULTS */;
/*!40101 SET COLLATION_CONNECTION=@OLD_COLLATION_CONNECTION */;
